"term","estimate","se","ci_lo","ci_hi"
"lag7_tests_7",-5.08532278033525e-08,9.81063546045356e-08,-2.35895639712368e-07,1.47442226162771e-07
